{
  "accuracy": 0.7043214556482184,
  "stderr": 0.012570068947898675
}