{
  "accuracy": 0.7050796057619408,
  "stderr": 0.012560698010954758
}